,a(p(Raf)),a(p(Mek)),a(p(Erk))
2,46,56,82
3,57,75,91
4,47,55,79
5,49,61,87
6,53,69,86
7,46,48,81
8,46,55,85
9,46,55,81
10,45,60,82
11,47,58,81
12,56,63,85
13,45,48,83
14,53,70,84
15,53,64,88
16,51,60,90
17,55,70,88
18,48,61,84
19,47,65,77
20,49,63,84
21,50,65,79
22,52,68,82
23,44,62,88
24,46,52,77
25,52,69,90
26,53,67,85
27,43,59,93
28,50,58,85
29,50,62,82
30,52,67,82
31,43,63,83
32,52,62,86
33,53,76,86
34,55,73,88
35,56,70,90
36,55,66,89
37,51,63,82
38,48,66,86
39,42,55,84
40,44,59,83
41,52,65,82
42,40,53,76
43,40,57,80
44,48,61,88
45,45,60,82
46,49,53,87
47,50,59,87
48,48,67,83
49,46,63,89
50,47,58,85
51,54,68,73
52,36,50,71
53,52,65,80
54,55,71,85
55,43,56,76
56,50,67,87
57,61,76,86
58,49,61,85
59,39,58,88
60,44,62,85
61,50,63,85
62,48,52,80
63,47,59,89
64,57,62,90
65,50,62,82
66,43,69,88
67,51,61,86
68,54,69,79
69,49,63,80
70,44,66,85
71,50,68,84
72,54,66,78
73,45,59,85
74,48,59,87
75,55,68,88
76,51,67,84
77,45,63,78
78,41,52,86
79,41,63,72
80,52,60,90
81,49,70,86
82,41,52,81
83,50,66,86
84,39,49,76
85,42,65,81
86,47,61,84
87,52,65,88
88,46,56,82
89,47,60,92
90,46,59,82
91,53,68,79
92,44,65,85
93,56,70,89
94,45,61,79
95,47,66,84
96,46,58,87
97,52,65,86
98,45,53,76
99,44,62,84
100,44,51,84
101,58,72,82
102,51,63,87
103,55,78,82
104,53,60,85
105,49,66,89
106,48,64,81
107,42,56,76
108,42,56,89
109,51,69,84
110,48,62,80
111,49,62,91
112,53,62,79
113,50,65,86
114,53,60,85
115,51,66,84
116,53,58,88
117,59,73,86
118,52,63,86
119,45,71,85
120,53,70,88
121,54,66,93
122,37,39,75
123,49,60,79
124,50,68,84
125,47,67,77
126,49,58,85
127,44,54,85
128,42,59,89
129,46,58,81
130,45,59,79
131,56,76,86
132,52,72,79
133,44,64,81
134,56,71,83
135,49,67,82
136,51,62,83
137,46,58,90
138,50,63,86
139,52,61,90
140,40,58,86
141,48,60,91
142,54,77,91
143,46,62,81
144,55,72,84
145,39,51,86
146,47,63,87
147,45,58,80
148,52,65,82
149,52,70,85
150,48,65,78
151,43,61,91
152,45,66,81
153,56,72,85
154,53,65,85
155,52,68,86
156,52,63,86
157,48,60,83
158,56,68,85
159,52,66,84
160,54,61,83
161,49,66,83
162,45,58,89
163,47,63,85
164,56,65,90
165,53,63,80
166,48,64,75
167,48,54,79
168,48,65,83
169,53,61,83
170,55,68,82
171,54,69,87
172,57,60,91
173,53,67,89
174,51,65,90
175,52,66,80
176,54,66,88
177,37,55,81
178,50,67,83
179,51,58,88
180,48,65,84
181,46,64,91
182,50,60,83
183,51,67,88
184,38,50,78
185,49,64,82
186,47,63,79
187,50,66,91
188,44,57,83
189,51,67,81
190,47,56,80
191,56,61,88
192,49,56,74
193,40,53,83
194,49,64,88
195,52,68,86
196,49,57,86
197,46,62,85
198,49,65,87
199,57,60,88
200,50,63,79
201,51,56,80
202,46,63,88
203,55,72,88
204,50,68,83
205,58,76,87
206,50,62,88
207,52,65,90
208,46,55,89
209,55,70,86
210,51,62,82
211,47,60,80
212,54,64,85
213,47,63,88
214,46,61,86
215,44,68,84
216,51,61,90
217,44,58,85
218,54,68,83
219,48,57,84
220,47,63,82
221,55,64,87
222,46,62,80
223,47,66,80
224,54,66,87
225,44,66,86
226,55,70,91
227,41,60,80
228,38,58,82
229,49,72,90
230,55,68,84
231,49,65,83
232,42,55,83
233,41,57,79
234,47,75,85
235,53,71,84
236,56,65,86
237,46,64,92
238,47,58,82
239,52,55,87
240,54,54,81
241,51,67,85
242,45,66,88
243,60,68,88
244,47,73,90
245,49,65,86
246,47,65,87
247,46,58,83
248,65,73,87
249,52,62,82
250,53,58,83
251,50,67,84
252,45,63,82
253,55,78,84
254,49,64,82
255,54,62,79
256,48,62,79
257,61,71,88
258,57,67,85
259,47,59,79
260,42,58,81
261,51,71,85
262,42,56,87
263,42,62,84
264,44,63,82
265,54,68,85
266,48,54,88
267,50,59,85
268,44,62,83
269,50,63,85
270,48,70,86
271,57,67,84
272,49,66,87
273,44,63,82
274,53,62,86
275,46,65,86
276,55,70,80
277,49,60,85
278,54,73,91
279,52,56,87
280,52,65,80
281,43,64,87
282,47,53,85
283,62,69,80
284,46,64,83
285,52,71,82
286,52,64,87
287,49,78,88
288,54,62,79
289,52,65,83
290,47,53,88
291,41,60,86
292,50,60,84
293,57,71,85
294,55,71,89
295,47,68,89
296,49,63,88
297,54,59,84
298,50,63,85
299,51,67,84
300,41,58,89
301,48,55,80
302,35,54,79
303,47,60,87
304,51,65,91
305,57,69,90
306,44,57,87
307,45,52,88
308,50,65,88
309,51,64,84
310,49,59,80
311,57,66,82
312,45,59,80
313,48,66,76
314,55,78,89
315,48,58,81
316,50,70,82
317,53,59,89
318,49,69,84
319,41,65,84
320,37,56,82
321,46,62,80
322,48,63,86
323,45,55,89
324,42,61,84
325,50,61,84
326,45,59,88
327,61,71,84
328,48,65,82
329,50,69,81
330,41,52,83
331,49,58,85
332,57,71,78
333,48,66,82
334,49,55,77
335,46,59,83
336,46,56,81
337,46,62,87
338,49,67,78
339,57,72,86
340,47,66,80
341,50,60,92
342,47,60,91
343,47,67,83
344,42,55,84
345,55,73,85
346,62,72,92
347,54,60,88
348,48,72,83
349,48,59,87
350,42,57,85
351,48,60,83
352,58,74,90
353,46,64,83
354,49,64,82
355,51,61,91
356,49,67,85
357,50,60,82
358,41,48,75
359,39,56,84
360,42,54,77
361,53,68,87
362,54,65,86
363,48,59,80
364,41,60,78
365,43,63,76
366,50,74,89
367,51,55,82
368,44,62,82
369,47,58,84
370,55,68,87
371,50,64,94
372,40,53,79
373,50,74,83
374,50,57,82
375,49,60,84
376,48,65,88
377,51,72,94
378,55,68,79
379,52,63,81
380,49,60,79
381,52,59,81
382,48,68,86
383,56,65,85
384,45,54,83
385,52,63,87
386,58,71,81
387,51,52,85
388,48,53,88
389,53,66,87
390,63,66,89
391,50,63,88
392,52,63,81
393,51,65,88
394,55,61,84
395,44,56,81
396,50,60,82
397,46,64,85
398,52,65,89
399,47,66,93
400,60,61,85
401,48,64,80
402,42,57,79
403,48,60,86
404,46,64,82
405,51,71,88
406,39,61,81
407,48,67,86
408,47,62,88
409,51,59,73
410,53,66,82
411,50,68,92
412,39,57,76
413,49,63,77
414,49,62,86
415,51,61,80
416,48,66,85
417,58,70,90
418,52,62,84
419,45,56,83
420,51,69,85
421,50,68,86
422,50,66,75
423,59,65,82
424,46,64,77
425,51,65,89
426,42,62,85
427,47,55,80
428,48,63,82
429,47,66,81
430,42,59,82
431,45,58,81
432,60,74,93
433,41,56,85
434,56,65,90
435,50,67,84
436,47,70,80
437,50,64,83
438,49,63,86
439,52,69,81
440,51,63,86
441,53,61,80
442,47,73,85
443,55,63,87
444,44,56,79
445,50,68,83
446,41,56,80
447,47,62,85
448,47,65,82
449,50,66,86
450,55,63,90
451,57,71,91
452,45,59,83
453,56,63,78
454,57,67,89
455,45,61,84
456,44,78,88
457,50,70,91
458,40,61,86
459,55,66,81
460,51,69,89
461,50,65,87
462,49,69,85
463,47,62,89
464,49,61,86
465,43,59,91
466,50,71,84
467,52,61,87
468,52,57,87
469,47,72,89
470,48,65,81
471,55,68,80
472,51,54,85
473,49,66,84
474,46,64,85
475,52,58,85
476,51,68,79
477,41,59,84
478,41,53,81
479,48,63,84
480,51,71,87
481,53,58,83
482,52,59,84
483,53,73,84
484,48,51,85
485,49,57,89
486,47,65,79
487,49,66,86
488,46,58,81
489,49,55,78
490,53,67,84
491,52,59,85
492,49,61,84
493,44,67,86
494,48,53,81
495,47,64,86
496,42,52,76
497,50,64,82
498,55,67,81
499,48,69,88
500,56,71,87
501,51,64,82
502,48,61,90
503,52,67,91
504,50,67,79
505,38,48,84
506,45,63,84
507,47,66,81
508,49,67,83
509,47,50,87
510,58,71,87
511,44,61,86
512,55,66,86
513,52,68,86
514,50,65,85
515,43,55,82
516,51,65,82
517,48,63,79
518,57,65,89
519,42,63,87
520,46,57,87
521,52,60,80
522,41,55,81
523,48,62,87
524,52,65,85
525,44,54,83
526,50,69,84
527,44,57,81
528,49,63,89
529,38,46,86
530,51,61,86
531,42,65,86
532,44,61,80
533,39,51,82
534,54,66,86
535,45,59,80
536,52,76,92
537,47,66,81
538,43,59,84
539,44,53,89
540,53,62,85
541,49,62,87
542,39,61,82
543,56,70,83
544,52,59,85
545,43,56,82
546,42,66,84
547,57,69,85
548,53,60,84
549,49,65,86
550,49,70,86
551,52,54,82
552,50,71,84
553,45,64,85
554,49,69,84
555,43,64,87
556,45,60,86
557,50,67,87
558,47,65,82
559,52,61,87
560,47,57,81
561,51,67,82
562,43,52,83
563,44,61,91
564,53,62,86
565,55,65,80
566,56,64,84
567,49,62,86
568,59,67,83
569,52,63,85
570,51,65,82
571,58,65,80
572,45,55,81
573,47,69,89
574,57,74,86
575,47,58,86
576,51,70,85
577,53,57,89
578,49,56,85
579,52,61,79
580,48,72,89
581,50,64,85
582,35,53,82
583,53,65,87
584,48,59,86
585,46,61,88
586,57,68,83
587,46,64,79
588,40,53,84
589,59,61,79
590,52,64,90
591,57,68,83
592,56,68,84
593,46,75,87
594,52,63,87
595,48,61,85
596,40,57,82
597,48,60,81
598,49,60,80
599,49,68,81
600,50,64,84
601,45,67,85
602,59,64,89
603,47,62,84
604,53,71,84
605,45,60,84
606,42,55,82
607,50,62,85
608,43,56,83
609,48,62,80
610,60,69,91
611,54,67,89
612,46,68,85
613,50,64,86
614,41,61,80
615,47,70,87
616,37,59,77
617,48,63,85
618,45,63,85
619,38,55,81
620,52,69,87
621,42,53,78
622,50,55,80
623,46,62,87
624,47,70,81
625,49,63,83
626,51,66,86
627,49,63,88
628,51,55,82
629,42,57,87
630,53,75,83
631,41,62,89
632,43,60,83
633,44,58,84
634,46,67,88
635,52,69,83
636,52,64,80
637,47,68,85
638,50,69,79
639,52,70,85
640,47,65,82
641,47,60,70
642,54,65,80
643,50,70,83
644,44,53,88
645,44,64,85
646,45,59,84
647,46,66,80
648,43,55,87
649,50,61,83
650,46,60,84
651,42,66,84
652,50,71,86
653,49,64,78
654,54,67,81
655,48,58,83
656,49,69,87
657,53,60,87
658,54,65,87
659,56,64,78
660,54,66,89
661,47,58,86
662,44,55,82
663,49,63,88
664,53,66,79
665,46,60,85
666,49,65,82
667,53,64,87
668,48,65,90
669,47,60,83
670,49,65,85
671,54,66,92
672,51,63,84
673,49,59,78
674,48,72,88
675,52,70,87
676,46,61,85
677,56,68,89
678,50,57,81
679,47,61,88
680,50,60,82
681,43,63,86
682,53,76,81
683,54,71,89
684,35,61,85
685,49,58,82
686,52,68,88
687,53,65,88
688,49,61,85
689,45,57,86
690,48,64,83
691,54,72,84
692,51,67,87
693,49,72,91
694,51,66,82
695,42,62,82
696,52,66,84
697,49,52,83
698,54,71,89
699,48,64,87
700,53,70,82
701,48,62,91
702,51,67,87
703,46,62,83
704,51,75,86
705,50,60,89
706,45,61,81
707,54,66,87
708,54,61,88
709,55,72,85
710,40,55,85
711,50,71,80
712,47,62,82
713,45,61,85
714,44,67,86
715,54,61,89
716,49,60,83
717,49,70,89
718,55,67,85
719,51,68,80
720,56,62,83
721,52,70,78
722,46,64,87
723,54,73,84
724,48,57,80
725,56,74,88
726,52,61,81
727,58,60,83
728,49,55,84
729,45,67,84
730,52,67,84
731,53,61,83
732,52,70,89
733,48,61,84
734,42,62,82
735,46,59,84
736,40,53,85
737,48,57,84
738,56,67,80
739,50,66,80
740,49,55,86
741,49,75,84
742,42,60,83
743,51,72,85
744,49,67,92
745,51,76,76
746,54,73,83
747,48,57,87
748,48,57,80
749,46,63,89
750,51,59,91
751,52,64,84
752,52,61,83
753,60,69,83
754,49,57,85
755,50,60,83
756,43,58,80
757,45,66,88
758,59,74,86
759,51,67,86
760,45,59,77
761,48,65,84
762,45,59,81
763,46,65,78
764,51,60,85
765,58,64,85
766,53,63,88
767,54,75,88
768,54,70,85
769,55,64,86
770,50,67,89
771,51,62,90
772,52,55,89
773,42,55,83
774,49,61,80
775,45,52,79
776,53,62,80
777,52,69,85
778,41,54,80
779,46,63,83
780,52,68,87
781,59,57,90
782,56,66,85
783,55,65,84
784,49,59,91
785,48,54,84
786,55,61,83
787,50,65,85
788,44,54,85
789,53,55,77
790,52,56,80
791,40,61,81
792,51,66,84
793,52,62,79
794,54,73,83
795,56,70,85
796,44,59,88
797,45,63,85
798,54,72,94
799,57,76,93
800,51,74,89
801,55,70,85
802,50,62,88
803,52,60,84
804,55,71,88
805,46,54,84
806,43,60,83
807,57,78,88
808,45,56,84
809,57,70,78
810,50,63,84
811,47,66,86
812,46,60,89
813,50,64,85
814,45,60,85
815,51,61,82
816,47,61,84
817,45,67,91
818,53,59,91
819,46,57,82
820,52,70,85
821,46,69,87
822,43,59,86
823,46,59,83
824,58,57,86
825,59,67,84
826,54,70,87
827,51,68,85
828,52,63,85
829,43,64,77
830,44,60,87
831,55,69,82
832,54,62,87
833,52,58,83
834,44,61,86
835,47,70,87
836,48,71,83
837,48,57,90
838,63,69,83
839,55,61,84
840,48,60,82
841,46,60,85
842,47,55,83
843,50,66,86
844,52,64,87
845,55,68,89
846,50,67,86
847,42,61,83
848,45,61,89
849,43,66,85
850,42,63,80
851,48,62,85
852,45,62,84
853,47,56,72
854,47,63,83
855,55,65,91
856,51,65,90
857,46,63,83
858,50,59,86
859,49,63,83
860,54,70,83
861,49,67,90
862,48,62,86
863,51,64,77
864,48,59,86
865,45,57,86
866,57,65,80
867,55,71,88
868,52,67,86
869,51,65,90
870,45,71,90
871,41,62,86
872,47,52,85
873,45,64,83
874,51,68,83
875,57,64,84
876,41,56,73
877,49,48,76
878,46,60,76
879,47,58,76
880,56,66,81
881,60,62,91
882,48,68,90
883,51,60,85
884,54,66,82
885,46,63,85
886,43,64,80
887,42,58,79
888,46,64,85
889,51,73,81
890,53,61,80
891,52,60,73
892,51,63,87
893,54,60,85
894,45,62,83
895,52,71,84
896,49,67,81
897,45,64,86
898,54,68,86
899,50,59,88
900,50,62,88
901,54,70,86
902,53,72,85
903,56,66,84
904,58,67,85
905,46,71,86
906,49,56,86
907,54,70,80
908,51,52,81
909,37,49,85
910,52,71,90
911,51,70,88
912,43,63,85
913,55,59,86
914,55,69,83
915,47,56,88
916,47,57,84
917,51,72,84
918,53,64,87
919,61,70,86
920,47,55,83
921,43,65,89
922,44,58,83
923,55,69,80
924,52,75,89
925,34,55,82
926,48,61,79
927,49,63,89
928,53,76,94
929,54,60,86
930,52,70,78
931,45,63,88
932,50,67,89
933,54,65,86
934,59,61,86
935,45,56,91
936,41,55,85
937,45,59,84
938,46,58,86
939,49,57,76
940,50,66,79
941,47,61,85
942,50,54,84
943,44,64,82
944,57,70,81
945,53,64,82
946,53,66,79
947,46,64,86
948,41,61,80
949,40,54,87
950,36,48,77
951,52,57,83
952,42,55,86
953,49,62,83
954,49,68,85
955,45,61,87
956,48,61,85
957,49,64,77
958,46,65,77
959,57,65,92
960,48,61,85
961,45,56,82
962,59,64,89
963,51,65,88
964,49,63,83
965,46,62,84
966,48,61,89
967,54,71,88
968,44,63,82
969,44,69,86
970,51,52,87
971,50,63,85
972,51,62,87
973,54,65,89
974,52,68,83
975,54,67,86
976,44,52,85
977,43,68,91
978,43,57,82
979,48,66,80
980,49,62,84
981,59,75,88
982,48,71,84
983,50,59,85
984,51,64,85
985,54,71,92
986,49,61,82
987,46,60,78
988,54,64,85
989,48,60,88
990,41,58,83
991,34,48,79
992,47,62,79
993,49,60,82
994,51,58,88
995,49,60,85
996,49,65,84
997,40,58,81
998,41,59,83
999,49,60,84
1000,54,74,85
1001,44,68,90
1002,51,66,84
1003,49,60,84
1004,46,61,84
1005,58,72,86
1006,45,63,81
1007,50,62,80
1008,42,55,89
1009,59,68,85
1010,57,60,77
1011,47,59,87
1012,54,69,82
1013,51,59,88
1014,57,70,81
1015,54,61,88
1016,55,73,82
1017,46,56,83
1018,56,68,92
1019,52,60,87
1020,43,59,79
1021,51,60,88
1022,42,60,88
1023,45,64,85
1024,54,66,83
1025,49,61,86
1026,41,61,82
1027,54,71,86
1028,57,74,91
1029,61,76,83
1030,52,64,76
1031,50,62,83
1032,56,64,83
1033,48,60,79
1034,45,65,80
1035,48,61,87
1036,52,64,92
1037,46,64,83
1038,47,61,86
1039,45,61,84
1040,50,61,80
1041,46,57,79
1042,48,70,82
1043,48,61,75
1044,47,59,82
1045,41,64,83
1046,50,60,84
1047,43,55,86
1048,47,55,81
1049,47,71,87
1050,48,62,76
1051,49,65,92
1052,48,67,86
1053,48,66,87
1054,52,67,86
1055,52,65,87
1056,53,65,84
1057,47,60,83
1058,54,68,84
1059,50,60,77
1060,51,70,83
1061,45,52,83
1062,49,70,90
1063,58,68,86
1064,58,67,87
1065,32,47,81
1066,53,63,86
1067,47,67,85
1068,49,69,84
1069,55,62,90
1070,43,59,77
1071,50,68,90
1072,57,70,85
1073,48,61,87
1074,49,67,86
1075,45,58,91
1076,47,66,86
1077,54,65,83
1078,45,69,85
1079,49,70,84
1080,40,61,82
1081,44,67,84
1082,50,58,82
1083,46,56,87
1084,50,59,79
1085,48,65,83
1086,44,61,83
1087,49,63,81
1088,41,67,80
1089,51,65,88
1090,50,68,82
1091,48,65,85
1092,51,63,83
1093,51,69,87
1094,45,57,83
1095,49,59,86
1096,62,70,89
1097,54,67,85
1098,54,63,85
1099,62,74,81
1100,48,68,86
1101,42,51,82
1102,39,58,75
1103,44,56,88
1104,41,63,88
1105,53,72,82
1106,45,57,88
1107,55,69,86
1108,41,59,78
1109,42,54,82
1110,53,63,86
1111,45,57,78
1112,45,67,81
1113,52,63,87
1114,52,69,87
1115,54,71,84
1116,48,63,83
1117,51,60,91
1118,51,67,89
1119,59,65,81
1120,48,52,93
1121,43,61,82
1122,49,58,83
1123,42,59,81
1124,45,64,89
1125,50,70,87
1126,49,66,84
1127,54,65,84
1128,50,69,84
1129,54,69,85
1130,50,65,86
1131,50,61,80
1132,52,63,86
1133,46,65,86
1134,48,59,87
1135,47,64,79
1136,45,57,83
1137,62,73,88
1138,37,61,87
1139,44,56,76
1140,48,64,86
1141,45,61,86
1142,56,57,88
1143,60,62,85
1144,48,71,86
1145,44,62,83
1146,52,63,85
1147,53,61,84
1148,58,70,87
1149,40,53,85
1150,51,61,83
1151,41,57,81
1152,51,74,82
1153,47,58,84
1154,50,64,86
1155,42,65,85
1156,46,63,82
1157,55,65,83
1158,47,58,83
1159,53,62,83
1160,44,58,89
1161,56,67,78
1162,52,63,88
1163,50,62,80
1164,45,57,80
1165,53,74,91
1166,45,59,86
1167,50,60,81
1168,50,55,83
1169,51,61,87
1170,49,62,86
1171,50,67,81
1172,43,59,77
1173,51,62,81
1174,54,69,82
1175,48,63,80
1176,51,61,82
1177,45,61,79
1178,50,61,88
1179,43,74,85
1180,46,58,81
1181,42,44,81
1182,50,65,84
1183,53,68,90
1184,48,67,84
1185,52,66,92
1186,55,67,79
1187,50,62,85
1188,52,69,76
1189,62,62,82
1190,52,64,82
1191,40,50,75
1192,47,59,82
1193,51,62,88
1194,53,72,85
1195,48,59,87
1196,49,60,86
1197,43,60,83
1198,42,46,79
1199,53,64,87
1200,43,58,87
1201,51,68,84
1202,42,66,81
1203,49,60,83
1204,42,53,78
1205,44,62,80
1206,50,67,89
1207,57,75,87
1208,44,55,78
1209,58,71,85
1210,44,65,86
1211,51,63,86
1212,50,67,88
1213,35,65,74
1214,49,65,93
1215,46,58,86
1216,44,66,83
1217,55,61,84
1218,50,71,84
1219,49,61,87
1220,54,75,82
1221,41,59,81
1222,42,58,80
1223,48,72,78
1224,53,73,84
1225,49,59,84
1226,44,58,89
1227,49,55,80
1228,48,57,82
1229,46,59,86
1230,47,62,80
1231,58,64,82
1232,64,76,85
1233,51,69,86
1234,58,68,90
1235,44,65,74
1236,53,65,91
1237,48,53,84
1238,50,61,87
1239,45,59,85
1240,36,56,83
1241,58,73,87
1242,41,55,81
1243,49,60,85
1244,49,62,83
1245,60,64,87
1246,55,71,79
1247,44,65,81
1248,54,67,90
1249,54,74,87
1250,54,62,87
1251,52,69,82
1252,45,61,87
1253,58,65,86
1254,44,57,86
1255,50,64,76
1256,51,68,79
1257,53,71,88
1258,47,63,83
1259,49,68,89
1260,43,57,86
1261,47,61,80
1262,51,68,86
1263,48,53,82
1264,50,65,89
1265,45,65,85
1266,51,71,87
1267,43,61,80
1268,49,65,83
1269,54,67,86
1270,52,75,86
1271,44,62,87
1272,48,74,87
1273,54,59,82
1274,58,72,93
1275,47,67,86
1276,42,65,79
1277,52,64,78
1278,54,65,87
1279,42,58,74
1280,55,53,79
1281,40,53,85
1282,43,63,78
1283,47,64,79
1284,49,66,80
1285,51,61,78
1286,50,64,87
1287,46,66,89
1288,55,74,82
1289,51,61,88
1290,43,58,86
1291,51,59,88
1292,46,58,87
1293,54,67,84
1294,50,56,81
1295,46,52,81
1296,53,71,83
1297,47,68,84
1298,62,63,91
1299,54,74,81
1300,46,57,84
1301,45,61,85
1302,45,71,84
1303,51,59,80
1304,55,67,83
1305,50,57,79
1306,53,67,73
1307,44,54,87
1308,48,58,85
1309,48,53,86
1310,49,61,84
1311,47,60,80
1312,44,56,85
1313,54,77,85
1314,52,68,83
1315,48,56,82
1316,46,56,87
1317,48,57,89
1318,43,62,82
1319,51,66,85
1320,59,69,84
1321,50,63,84
1322,53,64,91
1323,48,59,77
1324,47,59,81
1325,49,59,89
1326,49,71,87
1327,48,60,86
1328,48,63,85
1329,55,72,90
1330,52,64,78
1331,43,60,81
1332,46,62,84
1333,53,77,86
1334,48,55,85
1335,47,66,86
1336,49,64,88
1337,38,56,82
1338,51,75,87
1339,46,63,83
1340,45,54,87
1341,56,69,88
1342,47,57,84
1343,50,62,85
1344,37,53,89
1345,45,63,89
1346,51,64,86
1347,49,63,87
1348,50,58,91
1349,46,63,85
1350,51,65,83
1351,50,68,85
1352,51,64,85
1353,52,59,83
1354,53,61,89
1355,42,52,83
1356,46,65,82
1357,45,62,85
1358,45,63,84
1359,45,59,85
1360,53,74,82
1361,52,61,80
1362,47,59,85
1363,50,60,85
1364,56,79,85
1365,56,66,85
1366,53,60,82
1367,51,51,86
1368,46,63,86
1369,59,57,79
1370,45,54,82
1371,54,65,83
1372,53,68,86
1373,57,77,87
1374,51,65,85
1375,52,64,87
1376,50,62,82
1377,54,61,84
1378,42,51,88
1379,49,62,90
1380,56,77,83
1381,44,55,89
1382,43,54,86
1383,56,65,88
1384,47,66,91
1385,57,69,85
1386,52,65,90
1387,52,70,84
1388,54,68,82
1389,44,59,87
1390,48,58,84
1391,55,67,85
1392,56,65,80
1393,47,65,90
1394,46,65,82
1395,43,61,79
1396,46,62,86
1397,50,70,88
1398,51,60,86
1399,51,65,87
1400,45,54,79
1401,46,67,80
1402,56,67,86
1403,56,71,83
1404,55,73,78
1405,53,74,86
1406,42,61,85
1407,40,56,86
1408,48,70,86
1409,59,64,83
1410,56,58,86
1411,51,65,87
1412,61,64,86
1413,51,67,81
1414,50,59,86
1415,45,66,84
1416,47,69,86
1417,40,64,81
1418,46,58,82
1419,50,61,84
1420,59,70,92
1421,57,65,78
1422,51,74,86
1423,59,69,90
1424,50,61,87
1425,48,67,86
1426,56,70,87
1427,46,60,84
1428,45,57,88
1429,49,62,85
1430,49,72,82
1431,53,69,89
1432,48,59,87
1433,43,53,78
1434,51,61,88
1435,54,61,86
1436,53,63,86
1437,52,63,81
1438,51,64,81
1439,48,63,86
1440,45,69,84
1441,43,57,81
1442,54,72,80
1443,48,56,85
1444,54,70,82
1445,55,72,90
1446,49,56,88
1447,52,59,83
1448,47,67,83
1449,48,54,75
1450,53,67,91
1451,52,66,83
1452,50,64,84
1453,49,56,83
1454,49,71,79
1455,46,64,84
1456,47,63,82
1457,46,59,89
1458,43,66,87
1459,51,71,85
1460,54,74,78
1461,53,61,92
1462,52,61,81
1463,36,51,82
1464,46,62,86
1465,61,75,84
1466,46,68,86
1467,45,49,87
1468,54,69,94
1469,37,56,78
1470,50,59,89
1471,45,64,87
1472,51,61,81
1473,48,63,88
1474,50,67,82
1475,59,67,80
1476,53,59,89
1477,40,58,76
1478,52,64,89
1479,54,65,81
1480,51,70,77
1481,45,52,86
1482,54,73,84
1483,46,74,91
1484,47,68,81
1485,56,62,86
1486,44,63,79
1487,50,59,88
1488,50,67,85
1489,44,55,85
1490,48,59,85
1491,55,81,93
1492,53,69,84
1493,51,63,76
1494,55,71,90
1495,53,68,81
1496,45,73,88
1497,55,71,84
1498,52,60,91
1499,44,65,83
1500,46,67,89
1501,45,59,87
1502,55,67,85
1503,52,71,85
1504,59,76,86
1505,52,64,81
1506,49,65,84
1507,48,60,82
1508,49,67,89
1509,41,60,82
1510,48,66,86
1511,44,62,84
1512,57,68,86
1513,56,68,82
1514,45,58,87
1515,44,61,83
1516,45,61,86
1517,44,61,82
1518,52,60,82
1519,46,65,87
1520,41,56,89
1521,59,60,79
1522,46,58,89
1523,54,57,80
1524,46,59,86
1525,44,57,82
1526,56,67,87
1527,57,69,88
1528,45,64,85
1529,56,74,88
1530,51,58,80
1531,55,73,90
1532,45,61,83
1533,44,58,80
1534,53,64,80
1535,59,68,80
1536,45,65,87
1537,52,56,80
1538,49,65,88
1539,51,67,84
1540,51,74,88
1541,54,68,81
1542,51,70,86
1543,45,68,86
1544,39,53,72
1545,45,63,87
1546,52,66,85
1547,53,71,82
1548,50,62,86
1549,48,70,85
1550,50,51,84
1551,57,63,88
1552,47,65,85
1553,54,69,83
1554,55,65,83
1555,51,66,85
1556,48,70,87
1557,47,57,86
1558,48,59,86
1559,51,65,87
1560,44,60,86
1561,51,61,79
1562,52,63,82
1563,52,64,88
1564,48,67,80
1565,52,64,79
1566,42,52,75
1567,52,63,84
1568,51,69,82
1569,42,66,86
1570,54,63,82
1571,38,59,78
1572,40,54,81
1573,48,65,81
1574,47,69,88
1575,52,66,89
1576,46,57,80
1577,51,62,83
1578,50,55,77
1579,41,58,83
1580,42,55,79
1581,44,58,82
1582,46,69,83
1583,51,63,85
1584,48,67,81
1585,51,55,86
1586,44,58,80
1587,43,66,84
1588,49,58,84
1589,37,54,80
1590,50,62,82
1591,51,67,85
1592,53,62,84
1593,45,62,80
1594,42,66,90
1595,54,71,82
1596,53,73,80
1597,49,63,83
1598,45,67,81
1599,48,67,84
1600,49,63,81
1601,47,65,84
1602,46,64,90
1603,58,71,86
1604,44,57,83
1605,48,66,86
1606,38,58,85
1607,51,68,84
1608,50,64,89
1609,51,69,83
1610,51,66,85
1611,53,72,87
1612,53,62,87
1613,55,65,80
1614,49,62,87
1615,44,56,82
1616,41,52,88
1617,49,65,86
1618,40,63,90
1619,43,59,78
1620,49,58,82
1621,50,63,79
1622,55,68,81
1623,49,53,85
1624,53,72,87
1625,55,67,84
1626,45,59,82
1627,49,70,84
1628,53,62,77
1629,53,70,88
1630,50,63,87
1631,53,58,81
1632,40,52,82
1633,54,60,84
1634,43,58,79
1635,45,60,83
1636,38,53,83
1637,47,59,78
1638,51,68,83
1639,50,66,84
1640,46,57,90
1641,45,54,84
1642,50,65,83
1643,50,61,85
1644,56,67,88
1645,44,72,81
1646,50,67,90
1647,45,55,90
1648,44,60,79
1649,46,69,85
1650,60,64,88
1651,50,56,83
1652,48,65,86
1653,50,64,86
1654,42,54,80
1655,51,61,87
1656,58,69,92
1657,50,65,91
1658,40,48,82
1659,51,56,82
1660,48,67,85
1661,51,75,84
1662,54,75,85
1663,50,59,89
1664,49,69,85
1665,51,65,81
1666,50,68,85
1667,46,64,94
1668,50,61,85
1669,39,59,86
1670,56,66,78
1671,50,61,91
1672,48,52,81
1673,58,64,82
1674,46,53,83
1675,40,59,84
1676,53,62,82
1677,47,61,83
1678,50,61,85
1679,50,62,78
1680,55,70,86
1681,59,76,85
1682,52,64,80
1683,46,62,86
1684,51,67,88
1685,51,64,82
1686,51,67,85
1687,44,65,85
1688,43,68,86
1689,45,57,90
1690,48,63,79
1691,56,71,79
1692,48,69,90
1693,50,56,88
1694,54,67,89
1695,51,62,87
1696,43,64,84
1697,43,62,76
1698,56,64,87
1699,47,59,81
1700,50,58,80
1701,51,65,82
1702,49,72,81
1703,42,50,81
1704,39,52,84
1705,49,59,81
1706,48,71,78
1707,51,63,88
1708,52,63,85
1709,53,68,90
1710,41,58,87
1711,48,63,84
1712,41,53,84
1713,51,63,79
1714,46,70,85
1715,48,63,83
1716,55,67,76
1717,55,63,84
1718,40,63,85
1719,48,55,86
1720,50,65,85
1721,60,72,89
1722,46,59,84
1723,47,64,87
1724,48,70,85
1725,57,69,86
1726,51,75,86
1727,55,66,87
1728,49,61,84
1729,53,67,86
1730,56,66,84
1731,48,49,74
1732,40,52,88
1733,41,68,85
1734,52,63,81
1735,40,53,85
1736,40,62,83
1737,57,68,86
1738,46,54,80
1739,51,62,83
1740,46,56,89
1741,43,62,78
1742,52,60,85
1743,50,65,81
1744,45,64,85
1745,55,63,81
1746,55,65,84
1747,53,61,89
1748,51,58,86
1749,58,80,84
1750,54,67,87
1751,48,64,80
1752,56,68,89
1753,57,71,83
1754,47,65,86
1755,48,63,86
1756,47,66,83
1757,54,59,84
1758,52,60,77
1759,61,68,83
1760,54,68,86
1761,52,58,84
1762,58,70,89
1763,60,66,89
1764,42,59,88
1765,53,63,91
1766,49,64,85
1767,44,58,77
1768,48,67,83
1769,49,62,81
1770,43,60,86
1771,54,67,83
1772,45,64,82
1773,52,68,92
1774,54,63,88
1775,46,66,88
1776,54,66,89
1777,53,60,84
1778,53,78,90
1779,45,70,83
1780,56,65,83
1781,45,66,87
1782,51,77,81
1783,56,73,88
1784,54,64,79
1785,58,62,81
1786,46,63,88
1787,49,61,90
1788,46,59,88
1789,46,68,84
1790,47,57,83
1791,44,56,77
1792,51,60,87
1793,45,52,86
1794,45,57,81
1795,57,63,87
1796,54,67,89
1797,51,62,83
1798,38,46,80
1799,46,50,84
1800,51,61,84
1801,54,62,86
1802,58,71,89
1803,50,59,84
1804,44,68,79
1805,39,52,85
1806,55,57,81
1807,50,60,81
1808,48,60,85
1809,52,75,90
1810,42,57,85
1811,61,67,84
1812,54,65,86
1813,48,61,76
1814,41,61,79
1815,51,72,88
1816,56,64,82
1817,51,67,82
1818,40,65,78
1819,51,64,85
1820,51,62,80
1821,46,65,78
1822,53,59,86
1823,52,67,91
1824,50,68,90
1825,49,58,89
1826,52,66,82
1827,40,51,84
1828,50,68,85
1829,46,60,86
1830,60,79,87
1831,53,66,83
1832,54,62,82
1833,46,68,80
1834,49,63,84
1835,50,61,85
1836,59,65,86
1837,45,56,83
1838,49,59,83
1839,49,63,88
1840,34,63,85
1841,50,67,88
1842,47,59,81
1843,51,57,90
1844,58,60,89
1845,53,71,84
1846,57,64,83
1847,46,58,79
1848,43,65,90
1849,50,51,88
1850,39,42,81
1851,52,64,86
1852,47,64,85
1853,40,49,80
1854,45,54,77
1855,39,67,82
1856,48,60,85
1857,49,57,78
1858,51,59,81
1859,52,58,86
1860,54,71,91
1861,43,58,76
1862,52,67,80
1863,51,66,79
1864,51,67,85
1865,53,60,84
1866,44,59,90
1867,50,70,86
1868,54,68,87
1869,49,59,80
1870,50,59,81
1871,59,64,82
1872,43,61,80
1873,50,64,85
1874,49,62,84
1875,48,60,84
1876,52,64,85
1877,51,66,90
1878,49,61,84
1879,47,64,89
1880,47,63,79
1881,53,60,89
1882,52,71,89
1883,58,66,81
1884,44,57,89
1885,50,65,84
1886,56,68,89
1887,62,73,84
1888,52,62,83
1889,44,53,89
1890,51,64,90
1891,52,63,89
1892,46,73,82
1893,55,71,81
1894,63,69,84
1895,53,60,75
1896,47,63,85
1897,49,69,87
1898,58,69,84
1899,52,65,81
1900,51,67,82
1901,44,60,78
1902,52,61,84
1903,48,63,81
1904,57,74,84
1905,54,65,84
1906,48,62,87
1907,52,70,80
1908,49,59,78
1909,41,55,88
1910,52,69,88
1911,45,61,87
1912,49,60,81
1913,46,53,87
1914,49,76,91
1915,46,69,86
1916,48,68,87
1917,52,62,83
1918,52,69,82
1919,46,59,80
1920,47,55,82
1921,48,66,82
1922,39,52,76
1923,45,62,90
1924,52,56,84
1925,56,66,76
1926,39,58,88
1927,49,64,83
1928,49,56,78
1929,48,63,80
1930,43,68,90
1931,45,65,81
1932,43,70,78
1933,52,58,74
1934,50,62,86
1935,56,72,91
1936,51,68,84
1937,47,59,89
1938,47,57,81
1939,49,60,84
1940,42,62,82
1941,50,57,84
1942,41,64,82
1943,49,61,82
1944,52,64,92
1945,40,57,84
1946,46,65,83
1947,48,57,88
1948,50,70,85
1949,46,57,89
1950,35,45,81
1951,50,65,78
1952,46,60,80
1953,47,63,81
1954,43,66,84
1955,51,64,84
1956,60,64,87
1957,37,53,74
1958,44,51,82
1959,47,63,90
1960,55,60,88
1961,53,67,85
1962,45,74,82
1963,47,62,87
1964,45,60,85
1965,53,71,86
1966,50,63,84
1967,43,58,80
1968,51,66,86
1969,48,61,89
1970,49,68,83
1971,53,65,83
1972,48,59,81
1973,55,69,91
1974,43,65,82
1975,48,73,84
1976,41,61,88
1977,51,60,81
1978,47,70,85
1979,51,71,86
1980,47,66,89
1981,60,69,87
1982,48,53,80
1983,46,67,88
1984,47,61,83
1985,52,63,85
1986,43,63,85
1987,57,65,89
1988,54,63,85
1989,56,64,87
1990,44,59,82
1991,44,66,85
1992,52,61,84
1993,49,64,84
1994,47,59,84
1995,48,65,84
1996,40,50,79
1997,49,56,84
1998,51,69,81
1999,51,59,86
2000,51,63,79
2001,40,57,78
2002,47,71,89
2003,45,60,86
2004,54,72,90
2005,55,72,90
2006,60,72,92
2007,52,64,87
2008,53,77,82
2009,54,74,90
2010,41,53,85
2011,48,63,80
2012,51,65,86
2013,49,57,81
2014,45,58,80
2015,51,67,84
2016,46,55,85
2017,44,58,82
2018,54,67,81
2019,47,63,82
2020,54,64,90
2021,50,60,88
2022,48,66,90
2023,49,58,87
2024,52,70,88
2025,56,67,87
2026,51,55,79
2027,55,54,85
2028,47,62,86
2029,47,61,87
2030,58,63,90
2031,49,60,79
2032,51,64,89
2033,45,67,82
2034,51,69,88
2035,45,57,82
2036,48,63,80
2037,48,66,89
2038,50,57,87
2039,50,70,86
2040,52,77,89
2041,47,66,89
2042,50,69,89
2043,43,65,90
2044,49,66,87
2045,36,55,81
2046,55,75,86
2047,47,56,75
2048,50,69,84
2049,55,60,81
2050,46,50,87
2051,56,65,88
2052,51,66,85
2053,45,64,84
2054,47,72,87
2055,58,62,84
2056,43,56,82
2057,50,61,81
2058,48,51,88
2059,47,67,89
2060,51,61,86
2061,49,60,83
2062,40,53,90
2063,49,59,87
2064,46,62,78
2065,53,66,86
2066,52,63,83
2067,56,67,84
2068,52,63,87
2069,47,65,90
2070,51,64,87
2071,52,72,84
2072,44,56,82
2073,64,73,91
2074,52,63,87
2075,54,66,83
2076,60,68,84
2077,52,72,85
2078,53,70,84
2079,48,69,89
2080,41,58,80
2081,53,67,88
2082,49,66,85
2083,54,69,81
2084,55,60,92
2085,44,66,85
2086,48,51,83
2087,42,57,87
2088,59,70,86
2089,49,67,86
2090,48,65,76
2091,43,67,79
2092,46,66,83
2093,55,62,88
2094,50,67,92
2095,39,50,82
2096,41,52,91
2097,42,61,81
2098,45,64,79
2099,57,67,80
2100,44,56,77
2101,48,58,84
2102,45,64,84
2103,54,69,88
2104,52,61,79
2105,49,66,85
2106,53,67,84
2107,48,60,92
2108,44,59,79
2109,50,57,78
2110,54,68,85
2111,53,70,92
2112,51,65,87
2113,50,73,90
2114,50,60,83
2115,50,61,81
2116,42,60,83
2117,51,63,84
2118,44,54,78
2119,48,67,86
2120,46,53,84
2121,51,66,86
2122,50,64,85
2123,48,63,87
2124,48,60,83
2125,39,61,89
2126,42,61,90
2127,44,60,84
2128,44,62,78
2129,47,68,85
2130,54,70,87
2131,46,72,90
2132,52,68,85
2133,46,59,74
2134,49,69,82
2135,49,60,91
2136,57,70,88
2137,49,57,79
2138,49,69,83
2139,46,56,86
2140,49,64,82
2141,47,59,82
2142,60,72,85
2143,49,62,80
2144,54,71,82
2145,48,66,84
2146,53,68,81
2147,52,66,81
2148,43,59,81
2149,51,59,85
2150,45,65,80
2151,50,67,80
2152,50,70,86
2153,44,58,82
2154,43,70,82
2155,52,64,85
2156,57,65,87
2157,48,59,88
2158,44,57,88
2159,49,77,88
2160,50,62,86
2161,44,51,83
2162,51,63,82
2163,49,55,74
2164,60,60,88
2165,46,57,87
2166,45,56,86
2167,48,59,88
2168,62,74,81
2169,54,65,78
2170,41,59,83
2171,38,51,83
2172,50,75,83
2173,47,66,87
2174,42,52,87
2175,44,56,85
2176,46,59,85
2177,51,65,89
2178,57,68,89
2179,51,70,81
2180,52,64,89
2181,45,65,82
2182,50,69,86
2183,41,54,84
2184,54,66,82
2185,46,61,85
2186,42,60,82
2187,45,63,87
2188,44,62,82
2189,49,61,87
2190,49,65,84
2191,59,64,79
2192,51,77,83
2193,52,65,84
2194,50,64,84
2195,38,66,91
2196,52,69,93
2197,45,68,87
2198,50,67,84
2199,54,72,87
2200,56,63,82
2201,45,63,79
2202,49,62,88
2203,48,62,79
2204,56,71,92
2205,45,59,84
2206,53,67,87
2207,51,67,87
2208,52,71,85
2209,58,63,88
2210,49,60,88
2211,58,69,84
2212,49,59,81
2213,59,72,87
2214,61,72,86
2215,45,58,85
2216,52,67,86
2217,39,63,91
2218,44,62,89
2219,44,55,83
2220,53,59,85
2221,36,51,85
2222,44,63,86
2223,54,60,88
2224,52,65,77
2225,52,68,75
2226,51,66,88
2227,45,65,82
2228,60,67,82
2229,54,65,86
2230,48,61,85
2231,55,67,91
2232,53,66,87
2233,44,55,87
2234,54,73,90
2235,46,54,80
2236,40,57,86
2237,47,64,84
2238,47,58,85
2239,45,57,80
2240,54,71,87
2241,60,68,85
2242,48,69,86
2243,52,56,83
2244,50,60,84
2245,45,71,85
2246,58,69,84
2247,51,64,86
2248,50,66,91
2249,53,66,79
2250,43,52,83
2251,62,62,81
2252,50,57,83
2253,57,69,92
2254,45,64,88
2255,50,62,87
2256,55,68,90
2257,49,70,82
2258,56,62,84
2259,43,60,81
2260,46,67,91
2261,57,71,85
2262,47,63,84
2263,48,57,86
2264,45,59,83
2265,54,56,84
2266,52,64,86
2267,39,57,79
2268,51,59,84
2269,50,72,86
2270,48,65,88
2271,56,63,80
2272,45,61,86
2273,49,58,88
2274,52,53,92
2275,48,69,86
2276,48,63,85
2277,53,68,83
2278,46,68,85
2279,48,65,87
2280,55,74,91
2281,51,62,81
2282,46,62,83
2283,48,61,89
2284,60,68,94
2285,49,60,86
2286,38,54,82
2287,57,70,85
2288,43,56,86
2289,41,53,76
2290,44,57,84
2291,45,63,83
2292,57,65,86
2293,53,55,88
2294,50,65,86
2295,49,66,86
2296,49,64,85
2297,40,54,80
2298,53,57,83
2299,55,71,84
2300,45,58,85
2301,50,63,85
2302,46,62,86
2303,49,59,84
2304,40,64,83
2305,46,63,85
2306,46,50,80
2307,47,56,76
2308,50,67,88
2309,56,67,84
2310,47,64,84
2311,38,62,84
2312,51,59,83
2313,49,61,81
2314,55,71,87
2315,48,63,82
2316,53,66,82
2317,53,65,84
2318,51,59,82
2319,50,71,90
2320,42,62,77
2321,51,71,82
2322,54,62,78
2323,42,66,88
2324,44,59,87
2325,45,64,90
2326,46,65,83
2327,49,60,84
2328,47,67,83
2329,53,65,88
2330,59,68,82
2331,46,68,85
2332,50,55,82
2333,46,56,84
2334,42,58,78
2335,49,68,91
2336,61,69,86
2337,47,62,82
2338,50,66,82
2339,49,58,81
2340,45,63,91
2341,47,66,82
2342,49,60,89
2343,48,70,85
2344,47,69,80
2345,52,61,91
2346,50,73,87
2347,48,66,83
2348,45,69,90
2349,46,68,87
2350,51,64,85
2351,54,70,83
2352,53,58,83
2353,41,60,83
2354,45,61,84
2355,52,66,88
2356,51,63,80
2357,55,61,87
2358,42,62,81
2359,47,60,88
2360,48,67,87
2361,46,60,89
2362,43,56,90
2363,49,60,82
2364,49,59,83
2365,50,69,83
2366,52,72,90
2367,50,55,83
2368,56,71,85
2369,49,70,89
2370,55,67,82
2371,52,65,87
2372,46,56,91
2373,58,69,89
2374,52,65,81
2375,52,68,83
2376,49,69,87
2377,58,71,91
2378,48,65,82
2379,50,60,86
2380,57,70,90
2381,44,66,83
2382,47,65,88
2383,51,64,85
2384,56,70,87
2385,42,57,94
2386,50,65,81
2387,53,62,87
2388,45,61,88
2389,42,59,89
2390,47,48,79
2391,44,56,83
2392,54,75,87
2393,43,58,78
2394,51,68,80
2395,44,52,80
2396,50,65,76
2397,47,67,85
2398,45,56,82
2399,48,62,75
2400,51,67,84
2401,48,63,79
2402,46,62,82
2403,45,53,84
2404,58,65,86
2405,55,70,81
2406,44,68,92
2407,52,67,88
2408,45,59,86
2409,48,74,84
2410,46,61,83
2411,56,69,78
2412,52,54,90
2413,45,70,89
2414,58,66,82
2415,50,55,84
2416,51,66,91
2417,41,57,81
2418,50,65,89
2419,44,64,81
2420,48,66,84
2421,46,56,78
2422,44,65,83
2423,46,59,91
2424,47,63,82
2425,47,63,89
2426,49,66,80
2427,54,69,91
2428,38,48,83
2429,47,53,84
2430,52,62,82
2431,54,66,81
2432,48,60,84
2433,50,65,81
2434,52,73,92
2435,35,61,86
2436,44,66,84
2437,56,72,85
2438,51,63,81
2439,51,60,82
2440,44,56,87
2441,57,71,92
2442,51,65,84
2443,58,65,91
2444,54,67,88
2445,45,62,82
2446,47,72,86
2447,51,55,89
2448,50,60,83
2449,50,65,84
2450,47,71,82
2451,51,54,77
2452,56,64,87
2453,50,67,84
2454,46,60,84
2455,50,62,89
2456,50,63,88
2457,53,60,84
2458,49,55,85
2459,39,54,82
2460,53,68,87
2461,51,71,87
2462,48,54,91
2463,47,61,89
2464,57,65,86
2465,48,60,87
2466,45,61,87
2467,47,56,88
2468,42,65,88
2469,51,69,87
2470,52,60,82
2471,46,60,85
2472,56,65,89
2473,47,58,82
2474,57,68,80
2475,46,61,84
2476,45,66,84
2477,42,63,87
2478,54,67,82
2479,43,66,75
2480,49,61,89
2481,53,80,88
2482,44,57,84
2483,38,52,94
2484,55,65,90
2485,43,67,87
2486,52,73,90
2487,48,62,82
2488,47,61,88
2489,43,66,86
2490,60,65,88
2491,44,60,81
2492,56,73,80
2493,39,53,85
2494,41,60,84
2495,62,77,81
2496,49,72,86
2497,45,67,88
2498,44,59,80
2499,52,73,87
2500,49,61,89
2501,48,67,92
2502,45,52,81
2503,46,65,83
2504,47,61,85
2505,41,55,79
2506,59,67,76
2507,52,68,82
2508,58,68,87
2509,57,64,82
2510,53,59,82
2511,47,58,89
2512,52,68,81
2513,56,72,87
2514,45,60,90
2515,58,74,87
2516,45,62,87
2517,58,60,83
2518,53,73,88
2519,56,64,90
2520,49,64,90
2521,53,62,82
2522,44,58,84
2523,37,53,80
2524,48,63,87
2525,42,62,86
2526,36,48,81
2527,61,71,88
2528,48,66,91
2529,54,54,84
2530,48,57,88
2531,54,65,89
2532,50,69,85
2533,48,75,85
2534,49,63,86
2535,49,67,76
2536,55,67,86
2537,43,62,93
2538,49,62,82
2539,47,64,91
2540,51,60,88
2541,45,68,86
2542,54,67,94
2543,51,51,78
2544,49,68,88
2545,42,47,68
2546,48,63,86
2547,51,59,83
2548,42,57,88
2549,43,66,87
2550,46,52,82
2551,47,71,83
2552,54,69,82
2553,41,54,79
2554,51,69,88
2555,49,71,87
2556,48,63,84
2557,41,60,81
2558,53,62,86
2559,41,55,81
2560,51,73,86
2561,47,72,83
2562,47,64,85
2563,55,71,81
2564,51,70,81
2565,39,55,83
2566,54,62,88
2567,49,57,83
2568,48,63,88
2569,41,64,83
2570,42,60,80
2571,47,61,89
2572,41,65,81
2573,50,70,85
2574,53,58,82
2575,50,65,80
2576,46,51,80
2577,53,60,89
2578,46,53,85
2579,48,58,82
2580,40,55,82
2581,46,59,83
2582,56,63,82
2583,51,66,82
2584,52,61,75
2585,49,70,88
2586,54,72,87
2587,52,61,82
2588,46,57,83
2589,52,66,86
2590,48,56,87
2591,54,67,84
2592,48,67,83
2593,46,58,83
2594,50,67,91
2595,47,63,83
2596,52,67,94
2597,47,67,87
2598,58,60,87
2599,48,63,84
2600,44,55,77
2601,45,62,86
2602,51,72,90
2603,49,59,81
2604,46,61,81
2605,49,67,89
2606,53,63,78
2607,41,52,82
2608,50,63,81
2609,46,54,88
2610,46,69,78
2611,43,55,82
2612,47,58,79
2613,54,65,86
2614,48,66,88
2615,44,53,81
2616,54,69,87
2617,53,66,91
2618,48,64,87
2619,53,69,84
2620,48,65,82
2621,52,70,84
2622,49,55,87
2623,57,72,78
2624,49,58,86
2625,47,57,80
2626,50,65,82
2627,47,62,82
2628,57,73,85
2629,52,62,86
2630,52,70,87
2631,47,65,85
2632,57,66,92
2633,46,60,87
2634,57,65,83
2635,52,65,90
2636,52,57,83
2637,48,68,85
2638,45,66,87
2639,46,67,78
2640,47,63,81
2641,47,66,80
2642,44,61,86
2643,48,62,84
2644,56,63,82
2645,43,64,79
2646,51,60,84
2647,43,57,83
2648,48,65,77
2649,45,67,85
2650,53,67,85
2651,47,69,86
2652,36,45,84
2653,44,59,82
2654,52,66,82
2655,50,70,90
2656,54,59,86
2657,50,67,85
2658,52,68,91
2659,51,74,83
2660,55,69,83
2661,50,51,79
2662,41,64,80
2663,47,72,85
2664,43,63,85
2665,55,69,85
2666,42,62,83
2667,51,56,80
2668,43,64,79
2669,50,64,79
2670,50,66,88
2671,40,58,87
2672,46,66,88
2673,45,63,84
2674,51,65,81
2675,48,57,89
2676,47,65,89
2677,56,66,84
2678,44,61,87
2679,53,67,88
2680,54,66,88
2681,46,60,76
2682,39,57,88
2683,48,63,82
2684,53,61,85
2685,44,61,90
2686,47,63,88
2687,43,63,84
2688,42,58,85
2689,43,61,84
2690,46,67,87
2691,49,68,91
2692,47,65,83
2693,44,54,86
2694,47,58,81
2695,49,59,94
2696,38,54,83
2697,55,75,91
2698,43,57,83
2699,53,61,88
2700,39,50,86
2701,52,54,79
2702,56,60,75
2703,48,62,89
2704,55,70,78
2705,50,64,82
2706,45,55,83
2707,55,67,83
2708,49,63,81
2709,55,67,80
2710,40,58,83
2711,45,56,80
2712,41,59,83
2713,55,61,84
2714,54,53,81
2715,43,60,81
2716,57,72,85
2717,60,65,83
2718,47,63,86
2719,47,52,83
2720,51,61,85
2721,54,60,84
2722,43,55,89
2723,51,68,84
2724,53,72,86
2725,50,69,82
2726,39,49,81
2727,55,66,86
2728,46,62,84
2729,48,63,83
2730,46,65,88
2731,53,68,85
2732,40,57,85
2733,45,53,77
2734,55,59,84
2735,50,65,76
2736,49,63,83
2737,58,73,79
2738,51,62,86
2739,42,59,85
2740,41,63,84
2741,40,59,80
2742,42,45,79
2743,45,62,80
2744,45,58,85
2745,57,67,83
2746,54,68,87
2747,47,57,85
2748,53,71,85
2749,46,60,88
2750,42,54,80
2751,48,65,84
2752,59,72,90
2753,48,50,79
2754,50,65,84
2755,61,63,85
2756,41,57,83
2757,50,61,87
2758,46,64,83
2759,38,55,86
2760,57,73,86
2761,64,68,89
2762,54,62,88
2763,44,74,88
2764,50,66,86
2765,49,69,88
2766,44,67,86
2767,51,62,82
2768,41,52,85
2769,42,57,85
2770,46,58,83
2771,57,66,86
2772,41,65,86
2773,55,70,84
2774,53,62,88
2775,53,69,83
2776,52,70,80
2777,50,65,86
2778,52,71,79
2779,45,56,85
2780,51,70,85
2781,45,61,79
2782,52,69,80
2783,51,65,81
2784,45,64,83
2785,42,65,82
2786,47,60,83
2787,46,67,91
2788,47,63,85
2789,58,74,87
2790,47,70,85
2791,54,73,91
2792,39,51,78
2793,40,60,85
2794,43,58,88
2795,45,65,85
2796,57,69,85
2797,45,66,85
2798,50,62,86
2799,51,71,81
2800,39,59,76
2801,41,57,74
2802,50,67,84
2803,50,55,85
2804,47,62,83
2805,51,66,84
2806,50,62,82
2807,56,62,86
2808,56,74,81
2809,45,63,89
2810,51,59,87
2811,49,68,89
2812,44,49,84
2813,55,74,91
2814,50,62,86
2815,46,64,85
2816,57,66,88
2817,43,57,82
2818,54,64,74
2819,53,59,83
2820,56,71,83
2821,45,61,89
2822,47,67,83
2823,49,66,87
2824,48,60,83
2825,47,53,89
2826,49,64,86
2827,46,58,85
2828,53,62,88
2829,48,64,85
2830,53,71,83
2831,50,67,88
2832,52,63,84
2833,54,62,85
2834,47,65,88
2835,40,54,86
2836,51,71,81
2837,53,62,82
2838,50,69,92
2839,49,58,82
2840,45,65,89
2841,47,59,89
2842,46,62,77
2843,37,59,91
2844,45,61,84
2845,48,66,92
2846,41,61,84
2847,56,60,78
2848,51,61,83
2849,56,65,87
2850,52,61,82
2851,45,66,84
2852,49,64,92
2853,48,62,83
2854,52,72,85
2855,46,69,88
2856,44,55,84
2857,48,69,86
2858,47,62,81
2859,42,59,82
2860,56,70,87
2861,50,59,83
2862,38,48,79
2863,45,55,85
2864,49,68,87
2865,57,58,84
2866,45,69,87
2867,52,64,86
2868,47,63,88
2869,46,63,84
2870,48,64,85
2871,45,63,83
2872,51,59,85
2873,50,62,88
2874,47,58,86
2875,45,58,83
2876,43,62,85
2877,46,60,90
2878,45,58,85
2879,48,64,88
2880,52,75,86
2881,47,68,85
2882,49,68,82
2883,54,65,85
2884,54,62,88
2885,42,60,79
2886,55,66,85
2887,50,67,88
2888,47,53,84
2889,51,67,87
2890,53,68,88
2891,49,67,84
2892,56,71,82
2893,50,61,84
2894,43,69,85
2895,47,51,85
2896,60,74,92
2897,47,61,84
2898,35,52,84
2899,57,73,81
2900,43,59,79
2901,57,64,89
2902,52,72,87
2903,48,63,83
2904,45,67,88
2905,57,81,84
2906,49,56,84
2907,60,74,85
2908,55,58,79
2909,50,73,89
2910,55,67,88
2911,50,68,87
2912,47,67,88
2913,53,59,80
2914,55,56,85
2915,50,67,86
2916,46,58,85
2917,49,75,81
2918,55,65,81
2919,59,67,82
2920,50,65,82
2921,45,60,84
2922,51,67,86
2923,47,58,77
2924,52,70,88
2925,47,59,80
2926,49,55,86
2927,52,64,82
2928,54,63,88
2929,52,59,81
2930,52,63,81
2931,40,52,74
2932,48,62,83
2933,57,71,84
2934,49,67,84
2935,50,70,90
2936,55,64,84
2937,55,66,89
2938,53,70,90
2939,42,52,79
2940,45,58,84
2941,46,66,86
2942,47,73,83
2943,42,55,84
2944,57,69,92
2945,54,69,84
2946,50,53,79
2947,48,67,87
2948,49,64,86
2949,54,63,84
2950,37,45,73
2951,56,63,87
2952,48,66,83
2953,52,78,88
2954,49,61,90
2955,47,66,83
2956,50,64,81
2957,49,59,82
2958,56,63,88
2959,56,71,85
2960,53,73,86
2961,43,61,89
2962,46,62,90
2963,41,54,80
2964,46,59,85
2965,59,57,81
2966,44,58,83
2967,53,69,83
2968,50,67,83
2969,59,66,88
2970,51,54,88
2971,55,71,81
2972,48,67,85
2973,56,60,80
2974,50,66,80
2975,49,64,88
2976,49,71,89
2977,52,58,84
2978,45,44,80
2979,44,63,90
2980,47,66,81
2981,53,69,85
2982,50,62,87
2983,44,64,81
2984,48,64,85
2985,55,67,91
2986,50,64,84
2987,44,67,89
2988,45,59,85
2989,53,66,86
2990,57,66,87
2991,49,60,83
2992,48,62,83
2993,51,63,86
2994,42,65,88
2995,47,65,87
2996,50,57,86
2997,49,64,85
2998,53,64,91
2999,45,65,81
3000,52,61,86
3001,52,65,89
